,Source,ddof1,H,p-unc
Kruskal,model,3,359.8414538423636,1.1031096656052482e-77
