,Source,ddof1,H,p-unc
Kruskal,model,2,22.549403322259195,1.2689931665909344e-05
