,Source,ddof1,H,p-unc
Kruskal,model,3,301.5350697019741,4.629496091006731e-65
