,Source,ddof1,H,p-unc
Kruskal,model,3,256.1525039738468,3.055381874827562e-55
