,Source,ddof1,H,p-unc
Kruskal,model,2,6.604260465116226,0.036804681303695824
