,Source,ddof1,H,p-unc
Kruskal,model,2,68.27516810631232,1.4936045233881158e-15
