,Source,ddof1,H,p-unc
Kruskal,model,2,232.94578493116867,2.6089485274356007e-51
