,Source,ddof1,H,p-unc
Kruskal,model,2,30.9315375415282,1.9200032527794514e-07
