,Source,ddof1,H,p-unc
Kruskal,model,2,267.46670149052306,8.324223359688116e-59
