,Source,ddof1,H,p-unc
Kruskal,model,2,8.569719682920418,0.013775552147268277
