,Source,ddof1,H,p-unc
Kruskal,model,2,203.14664588664027,7.713763813477866e-45
