,Source,ddof1,H,p-unc
Kruskal,model,2,16.05956677740869,0.00032561873397775646
