,Source,ddof1,H,p-unc
Kruskal,model,2,201.23494442292042,2.006259173361572e-44
