,Source,ddof1,H,p-unc
Kruskal,model,2,263.47853900030896,6.1145176944890434e-58
