,Source,ddof1,H,p-unc
Kruskal,model,2,15.76372093023258,0.0003775300215636903
