,Source,ddof1,H,p-unc
Kruskal,model,2,202.8872717607976,8.781904559443997e-45
