,Source,ddof1,H,p-unc
Kruskal,model,2,202.46592425249173,1.0841344920651057e-44
