,Source,ddof1,H,p-unc
Kruskal,model,2,195.47438773819988,3.5749998337555527e-43
