,Source,ddof1,H,p-unc
Kruskal,model,2,172.89628704318943,2.857908353044159e-38
