,Source,ddof1,H,p-unc
Kruskal,model,2,141.81856744186052,1.601361431111798e-31
