,Source,ddof1,H,p-unc
Kruskal,model,2,186.38582857142865,3.363810897822606e-41
