,Source,ddof1,H,p-unc
Kruskal,model,2,202.61427461804348,1.0066286556485759e-44
