,Source,ddof1,H,p-unc
Kruskal,model,2,111.52232558139542,6.070643023584742e-25
