,Source,ddof1,H,p-unc
Kruskal,model,2,172.61226046511638,3.2940022052023096e-38
