,Source,ddof1,H,p-unc
Kruskal,model,2,199.34219269103005,5.168837179111388e-44
