,Source,ddof1,H,p-unc
Kruskal,model,2,201.5998112956811,1.671695605392366e-44
