Source,ddof1,ddof2,F,p-unc,np2
model,4,1136.258731287958,3694.8715660631997,0.0,0.5324634418462473
