,Source,ddof1,H,p-unc
Kruskal,model,2,141.37800380044925,1.9959816462686042e-31
