A,B,mean(A),mean(B),diff,se,T,df,pval,hedges
ac,baseline,3040.614439504385,4521.866132473588,-1481.2516929692028,74.43726187892929,-19.899330732750876,981.2577631018203,0.001,-1.2575981438515602
ac,ppo,3040.614439504385,4175.598033180952,-1134.9835936765676,64.48523132347376,-17.600674920172203,973.5640740692331,0.001,-1.1123276660613297
ac,random,3040.614439504385,-257.2268072737455,3297.8412467781304,49.80579402201875,66.21400805938724,528.8255309734657,0.001,4.184593680600953
baseline,ppo,4521.866132473588,4175.598033180952,346.26809929263527,69.87207865732421,4.955743495064009,923.9062160921336,0.001,0.31319313722142383
baseline,random,4521.866132473588,-257.2268072737455,4779.092939747333,56.607238364162754,84.42547415937727,521.9423770305364,0.001,5.33552213501722
ppo,random,4175.598033180952,-257.2268072737455,4432.824840454698,42.68276628835999,103.85514402949023,540.0221840802762,0.001,6.563438646002552
