Source,ddof1,ddof2,F,p-unc,np2
model,3,879.1372277897672,7021.57229595229,0.0,0.7949308331341279
