Source,ddof1,ddof2,F,p-unc,np2
model,3,923.6213611098381,1667.1460389335127,0.0,0.8454651228466957
