A,B,mean(A),mean(B),diff,se,T,df,pval,hedges
ac,baseline,-64.1532103048563,-119.1394401614666,54.986229856610294,1.835327707633752,29.95989742208101,699.6141809076188,0.001,1.8934059589241121
ac,ppo,-64.1532103048563,1426.4238436834812,-1490.5770539883374,24.86842922366446,-59.93852850866529,503.5130797616803,0.001,-3.7879958482036344
ac,random,-64.1532103048563,-241.62763947892188,177.47442917406556,8.080721551410802,21.962695787120712,543.3589899795461,0.001,1.3879987134643335
baseline,ppo,-119.1394401614666,1426.4238436834812,-1545.5632838449478,24.82416066337702,-62.26044476601824,499.9471788435359,0.001,-3.934736339863484
baseline,random,-119.1394401614666,-241.62763947892188,122.48819931745528,7.943440147705616,15.420044343486971,508.3272743610954,0.001,0.9745161485537657
ppo,random,1426.4238436834812,-241.62763947892188,1668.0514831624032,26.041670177586187,64.05316831783236,599.3033336657238,0.001,4.04803290453085
