A,B,mean(A),mean(B),diff,se,T,df,pval,hedges
ac,baseline,997.2581417610645,1949.0063628014327,-951.7482210403682,44.82602116170799,-21.23204773421617,996.5689783271943,0.001,-1.3418232089972804
ac,ppo,997.2581417610645,3321.1069545497894,-2323.848812788725,51.85911609700957,-44.81080642488483,924.8875330639613,0.001,-2.8319538853473984
ac,random,997.2581417610645,-261.784555809021,1259.0426975700855,32.0900968218757,39.234618223769296,563.9332397513057,0.001,2.4795498761035937
baseline,ppo,1949.0063628014327,3321.1069545497894,-1372.1005917483567,52.58812500357313,-26.09145299732836,941.1018338702426,0.001,-1.6489279614729222
baseline,random,1949.0063628014327,-261.784555809021,2210.790918610454,33.25533465574619,66.47928645121758,559.2277923699975,0.001,4.2013587476100005
ppo,random,3321.1069545497894,-261.784555809021,3582.8915103588106,42.26006427158976,84.78197021502133,535.5396379412214,0.001,5.358051977045047
