Source,ddof1,ddof2,F,p-unc,np2
model,3,908.3480093203482,4038.6653448402103,0.0,0.7840172265200593
