,Source,ddof1,H,p-unc
Kruskal,model,3,300.61387580587007,7.3266998707044835e-65
