,Source,ddof1,H,p-unc
Kruskal,model,3,298.14952185090317,2.5018451962318918e-64
