,Source,ddof1,H,p-unc
Kruskal,model,2,111.35731295681069,6.592751885781123e-25
