,Source,ddof1,H,p-unc
Kruskal,model,2,117.3179205055444,3.347628434288378e-26
