,Source,ddof1,H,p-unc
Kruskal,model,3,338.0414378496338,5.793467299035729e-73
